<?xml version="1.0" encoding="UTF-8"?>
<project-private xmlns="http://www.netbeans.org/ns/project-private/1">
    <editor-bookmarks xmlns="http://www.netbeans.org/ns/editor-bookmarks/2" lastBookmarkId="0"/>
    <open-files xmlns="http://www.netbeans.org/ns/projectui-open-files/2">
        <group>
            <file>file:/D:/okc/ALL%20SEM%204/MINIPROJECT/Blood%20Bank%20Management%20System/src/login.java</file>
            <file>file:/D:/okc/ALL%20SEM%204/MINIPROJECT/Blood%20Bank%20Management%20System/src/allDonorDetails.java</file>
            <file>file:/D:/okc/ALL%20SEM%204/MINIPROJECT/Blood%20Bank%20Management%20System/src/updateDetailsDonor.java</file>
            <file>file:/D:/okc/ALL%20SEM%204/MINIPROJECT/Blood%20Bank%20Management%20System/src/searchBloodDonorBloodGroup.java</file>
            <file>file:/D:/okc/ALL%20SEM%204/MINIPROJECT/Blood%20Bank%20Management%20System/src/home.java</file>
            <file>file:/D:/okc/ALL%20SEM%204/MINIPROJECT/Blood%20Bank%20Management%20System/src/deleteDonor.java</file>
            <file>file:/D:/okc/ALL%20SEM%204/MINIPROJECT/Blood%20Bank%20Management%20System/src/searchBloodDonorLocation.java</file>
            <file>file:/D:/okc/ALL%20SEM%204/MINIPROJECT/Blood%20Bank%20Management%20System/src/stockDecrease.java</file>
            <file>file:/D:/okc/ALL%20SEM%204/MINIPROJECT/Blood%20Bank%20Management%20System/src/addNewDonor.java</file>
            <file>file:/D:/okc/ALL%20SEM%204/MINIPROJECT/Blood%20Bank%20Management%20System/src/stockDetails.java</file>
            <file>file:/D:/okc/ALL%20SEM%204/MINIPROJECT/Blood%20Bank%20Management%20System/src/blood/bank/management/system/BloodBankManagementSystem.java</file>
        </group>
    </open-files>
</project-private>
